{"chunk_definitions":[{"chunk_id":"csetup_chunk","chunk_label":"setup","document_id":"AEBDA3AD","expansion_state":0,"options":{"engine":"r","include":false,"label":"setup"},"row":24,"row_count":1,"visible":true},{"chunk_id":"ceiou9aep9m43","chunk_label":"unnamed-chunk-3","document_id":"AEBDA3AD","expansion_state":0,"options":{"engine":"r","include":"F","label":"unnamed-chunk-6"},"row":100,"row_count":1,"visible":true}],"default_chunk_options":{"error":false},"doc_write_time":1559710920,"working_dir":null}